sub_type	obs_count	ref_count	obs_rate	expected_rate	expected_count	obs_exp_ratio	pi_q
A→C	2750	1508333	0.00182320	NA	NA	NA	0.00060173
A→G	9205	1508333	0.00610276	NA	NA	NA	0.00201415
A→T	4712	1508333	0.00312398	NA	NA	NA	0.00103103
C→A	4194	773441	0.00542252	NA	NA	NA	0.00091769
C→G	1776	773441	0.00229623	NA	NA	NA	0.00038861
C→T	30094	773441	0.03890924	NA	NA	NA	0.00658488
G→A	28123	773885	0.03634002	NA	NA	NA	0.00615360
G→C	1667	773885	0.00215407	NA	NA	NA	0.00036476
G→T	4166	773885	0.00538323	NA	NA	NA	0.00091156
T→A	4393	1514508	0.00290061	NA	NA	NA	0.00096123
T→C	9157	1514508	0.00604619	NA	NA	NA	0.00200365
T→G	2711	1514508	0.00179002	NA	NA	NA	0.00059319
