position,position_type,substitution,ref_base,obs_base,observed_count,ref_count,observed_rate,expected_rate,expected_count,obs_exp_ratio,pi_q
1,5prime,A>C,A,C,82,19931,0.00411419,0.00344706,68.703369,2.313543,0.000796
1,5prime,A>G,A,G,238,19931,0.01194120,0.01000782,199.465813,2.312864,0.002309
1,5prime,A>T,A,T,389,19931,0.01951733,0.00559503,111.514541,6.761760,0.003774
1,5prime,C>A,C,A,103,23278,0.00442478,0.00703503,163.761390,1.219179,0.000999
1,5prime,C>G,C,G,49,23278,0.00210499,0.00409661,95.360810,0.996019,0.000475
1,5prime,C>T,C,T,9867,23278,0.42387662,0.01817697,423.123593,45.202199,0.095736
1,5prime,G>A,G,A,424,14176,0.02990971,0.01819759,257.969095,3.185957,0.004114
1,5prime,G>C,G,C,40,14176,0.00282167,0.00408630,57.927338,1.338499,0.000388
1,5prime,G>T,G,T,295,14176,0.02080982,0.00703503,99.728562,5.733821,0.002862
1,5prime,T>A,T,A,124,45680,0.00271454,0.00562252,256.836892,0.935849,0.001203
1,5prime,T>C,T,C,234,45680,0.00512259,0.00999407,456.529145,0.993548,0.002270
1,5prime,T>G,T,G,73,45680,0.00159807,0.00343675,156.990765,0.901344,0.000708
2,5prime,A>C,A,C,92,29157,0.00315533,0.00344706,100.505952,1.774344,0.000893
2,5prime,A>G,A,G,224,29157,0.00768255,0.01000782,291.797938,1.488016,0.002174
2,5prime,A>T,A,T,247,29157,0.00847138,0.00559503,163.134287,2.934901,0.002397
2,5prime,C>A,C,A,112,16569,0.00675961,0.00703503,116.563385,1.862505,0.001087
2,5prime,C>G,C,G,52,16569,0.00313839,0.00409661,67.876676,1.484993,0.000505
2,5prime,C>T,C,T,3421,16569,0.20646991,0.01817697,301.174276,22.017950,0.033201
2,5prime,G>A,G,A,513,15744,0.03258384,0.01819759,286.502922,3.470803,0.004979
2,5prime,G>C,G,C,37,15744,0.00235010,0.00408630,64.334651,1.114804,0.000359
2,5prime,G>T,G,T,147,15744,0.00933689,0.00703503,110.759487,2.572634,0.001427
2,5prime,T>A,T,A,136,41569,0.00327167,0.00562252,233.722696,1.127924,0.001320
2,5prime,T>C,T,C,206,41569,0.00495562,0.00999407,415.443521,0.961163,0.001999
2,5prime,T>G,T,G,75,41569,0.00180423,0.00343675,142.862284,1.017619,0.000728
3,5prime,A>C,A,C,76,33500,0.00226866,0.00344706,115.476537,1.275738,0.000738
3,5prime,A>G,A,G,273,33500,0.00814925,0.01000782,335.261890,1.578411,0.002650
3,5prime,A>T,A,T,165,33500,0.00492537,0.00559503,187.433501,1.706390,0.001602
3,5prime,C>A,C,A,129,17520,0.00736301,0.00703503,123.253697,2.028764,0.001252
3,5prime,C>G,C,G,46,17520,0.00262557,0.00409661,71.772549,1.242342,0.000446
3,5prime,C>T,C,T,1432,17520,0.08173516,0.01817697,318.460578,8.716237,0.013900
3,5prime,G>A,G,A,416,16620,0.02503008,0.01819759,302.444015,2.666183,0.004038
3,5prime,G>C,G,C,48,16620,0.00288809,0.00408630,67.914246,1.370005,0.000466
3,5prime,G>T,G,T,130,16620,0.00782190,0.00703503,116.922172,2.155203,0.001262
3,5prime,T>A,T,A,129,35384,0.00364572,0.00562252,198.947386,1.256878,0.001252
3,5prime,T>C,T,C,222,35384,0.00627402,0.00999407,353.630194,1.216873,0.002155
3,5prime,T>G,T,G,81,35384,0.00228917,0.00343675,121.605981,1.291135,0.000786
4,5prime,A>C,A,C,79,35332,0.00223593,0.00344706,121.791552,1.257337,0.000767
4,5prime,A>G,A,G,222,35332,0.00628326,0.01000782,353.596211,1.216990,0.002155
4,5prime,A>T,A,T,115,35332,0.00325484,0.00559503,197.683596,1.127636,0.001116
4,5prime,C>A,C,A,93,16972,0.00547961,0.00703503,119.398502,1.509822,0.000903
4,5prime,C>G,C,G,46,16972,0.00271035,0.00409661,69.527608,1.282455,0.000447
4,5prime,C>T,C,T,873,16972,0.05143766,0.01817697,308.499597,5.485312,0.008475
4,5prime,G>A,G,A,303,17301,0.01751344,0.01819759,314.836576,1.865517,0.002941
4,5prime,G>C,G,C,41,17301,0.00236981,0.00408630,70.697014,1.124151,0.000398
4,5prime,G>T,G,T,95,17301,0.00549101,0.00703503,121.713026,1.512963,0.000922
4,5prime,T>A,T,A,127,33407,0.00380160,0.00562252,187.831656,1.310619,0.001233
4,5prime,T>C,T,C,224,33407,0.00670518,0.00999407,333.871916,1.300498,0.002175
4,5prime,T>G,T,G,65,33407,0.00194570,0.00343675,114.811526,1.097412,0.000631
5,5prime,A>C,A,C,65,35085,0.00185264,0.00344706,120.940128,1.041801,0.000631
5,5prime,A>G,A,G,226,35085,0.00644150,0.01000782,351.124280,1.247640,0.002196
5,5prime,A>T,A,T,116,35085,0.00330626,0.00559503,196.301624,1.145449,0.001127
5,5prime,C>A,C,A,100,16869,0.00592803,0.00703503,118.673894,1.633377,0.000971
5,5prime,C>G,C,G,45,16869,0.00266762,0.00409661,69.105658,1.262236,0.000437
5,5prime,C>T,C,T,587,16869,0.03479756,0.01817697,306.627369,3.710811,0.005703
5,5prime,G>A,G,A,265,17024,0.01556626,0.01819759,309.795843,1.658105,0.002574
5,5prime,G>C,G,C,36,17024,0.00211466,0.00408630,69.565110,1.003120,0.000350
5,5prime,G>T,G,T,102,17024,0.00599154,0.00703503,119.764323,1.650876,0.000991
5,5prime,T>A,T,A,111,33959,0.00326865,0.00562252,190.935289,1.126882,0.001078
5,5prime,T>C,T,C,228,33959,0.00671398,0.00999407,339.388643,1.302205,0.002215
5,5prime,T>G,T,G,50,33959,0.00147236,0.00343675,116.708612,0.830441,0.000486
6,5prime,A>C,A,C,56,34149,0.00163987,0.00344706,117.713679,0.922153,0.000544
6,5prime,A>G,A,G,235,34149,0.00688161,0.01000782,341.756963,1.332883,0.002283
6,5prime,A>T,A,T,116,34149,0.00339688,0.00559503,191.064676,1.176845,0.001127
6,5prime,C>A,C,A,93,17063,0.00545039,0.00703503,120.038689,1.501770,0.000904
6,5prime,C>G,C,G,34,17063,0.00199262,0.00409661,69.900399,0.942846,0.000330
6,5prime,C>T,C,T,501,17063,0.02936178,0.01817697,310.153701,3.131140,0.004867
6,5prime,G>A,G,A,269,16903,0.01591433,0.01819759,307.593934,1.695181,0.002613
6,5prime,G>C,G,C,42,16903,0.00248477,0.00408630,69.070668,1.178684,0.000408
6,5prime,G>T,G,T,90,16903,0.00532450,0.00703503,118.913085,1.467083,0.000874
6,5prime,T>A,T,A,91,34815,0.00261382,0.00562252,195.748170,0.901126,0.000884
6,5prime,T>C,T,C,197,34815,0.00565848,0.00999407,347.943568,1.097486,0.001914
6,5prime,T>G,T,G,80,34815,0.00229786,0.00343675,119.650470,1.296037,0.000777
7,5prime,A>C,A,C,63,34058,0.00184979,0.00344706,117.399997,1.040194,0.000612
7,5prime,A>G,A,G,208,34058,0.00610723,0.01000782,340.846252,1.182896,0.002021
7,5prime,A>T,A,T,88,34058,0.00258383,0.00559503,190.555528,0.895164,0.000855
7,5prime,C>A,C,A,108,17239,0.00626486,0.00703503,121.276854,1.726186,0.001049
7,5prime,C>G,C,G,42,17239,0.00243634,0.00409661,70.621402,1.152802,0.000408
7,5prime,C>T,C,T,413,17239,0.02395731,0.01817697,313.352849,2.554807,0.004012
7,5prime,G>A,G,A,232,17059,0.01359986,0.01819759,310.432759,1.448645,0.002254
7,5prime,G>C,G,C,39,17059,0.00228618,0.00408630,69.708130,1.084483,0.000379
7,5prime,G>T,G,T,91,17059,0.00533443,0.00703503,120.010549,1.469818,0.000884
7,5prime,T>A,T,A,112,34580,0.00323887,0.00562252,194.426876,1.116615,0.001088
7,5prime,T>C,T,C,220,34580,0.00636206,0.00999407,345.594961,1.233948,0.002137
7,5prime,T>G,T,G,64,34580,0.00185078,0.00343675,118.842834,1.043875,0.000622
8,5prime,A>C,A,C,58,33160,0.00174910,0.00344706,114.304536,0.983572,0.000563
8,5prime,A>G,A,G,236,33160,0.00711701,0.01000782,331.859232,1.378478,0.002292
8,5prime,A>T,A,T,102,33160,0.00307600,0.00559503,185.531191,1.065675,0.000991
8,5prime,C>A,C,A,87,17631,0.00493449,0.00703503,124.034585,1.359622,0.000845
8,5prime,C>G,C,G,38,17631,0.00215529,0.00409661,72.227272,1.019821,0.000369
8,5prime,C>T,C,T,368,17631,0.02087233,0.01817697,320.478222,2.225825,0.003574
8,5prime,G>A,G,A,268,16888,0.01586926,0.01819759,307.320970,1.690380,0.002603
8,5prime,G>C,G,C,39,16888,0.00230933,0.00408630,69.009374,1.095464,0.000379
8,5prime,G>T,G,T,102,16888,0.00603979,0.00703503,118.807559,1.664170,0.000991
8,5prime,T>A,T,A,93,35295,0.00263493,0.00562252,198.446981,0.908406,0.000903
8,5prime,T>C,T,C,220,35295,0.00623318,0.00999407,352.740722,1.208951,0.002136
8,5prime,T>G,T,G,60,35295,0.00169996,0.00343675,121.300111,0.958808,0.000583
9,5prime,A>C,A,C,50,32783,0.00152518,0.00344706,113.004994,0.857658,0.000486
9,5prime,A>G,A,G,192,32783,0.00585669,0.01000782,328.086284,1.134370,0.001865
9,5prime,A>T,A,T,88,32783,0.00268432,0.00559503,183.421865,0.929979,0.000855
9,5prime,C>A,C,A,88,17629,0.00499177,0.00703503,124.020515,1.375406,0.000855
9,5prime,C>G,C,G,24,17629,0.00136139,0.00409661,72.219079,0.644171,0.000233
9,5prime,C>T,C,T,331,17629,0.01877588,0.01817697,320.441869,2.002260,0.003214
9,5prime,G>A,G,A,217,17321,0.01252815,0.01819759,315.200528,1.334487,0.002107
9,5prime,G>C,G,C,36,17321,0.00207840,0.00408630,70.778740,0.985919,0.000350
9,5prime,G>T,G,T,85,17321,0.00490734,0.00703503,121.853726,1.352140,0.000825
9,5prime,T>A,T,A,84,35239,0.00238372,0.00562252,198.132120,0.821800,0.000816
9,5prime,T>C,T,C,184,35239,0.00522149,0.00999407,352.181054,1.012730,0.001787
9,5prime,T>G,T,G,62,35239,0.00175941,0.00343675,121.107653,0.992343,0.000602
10,5prime,A>C,A,C,61,32990,0.00184905,0.00344706,113.718536,1.039777,0.000592
10,5prime,A>G,A,G,206,32990,0.00624432,0.01000782,330.157903,1.209448,0.002000
10,5prime,A>T,A,T,89,32990,0.00269779,0.00559503,184.580036,0.934646,0.000864
10,5prime,C>A,C,A,81,17876,0.00453122,0.00703503,125.758167,1.248506,0.000787
10,5prime,C>G,C,G,38,17876,0.00212576,0.00409661,73.230941,1.005844,0.000369
10,5prime,C>T,C,T,360,17876,0.02013873,0.01817697,324.931581,2.147594,0.003496
10,5prime,G>A,G,A,225,17552,0.01281905,0.01819759,319.404173,1.365475,0.002185
10,5prime,G>C,G,C,50,17552,0.00284868,0.00408630,71.722674,1.351311,0.000486
10,5prime,G>T,G,T,87,17552,0.00495670,0.00703503,123.478818,1.365741,0.000845
10,5prime,T>A,T,A,73,34561,0.00211221,0.00562252,194.320048,0.728194,0.000709
10,5prime,T>C,T,C,185,34561,0.00535285,0.00999407,345.405074,1.038209,0.001796
10,5prime,T>G,T,G,54,34561,0.00156245,0.00343675,118.777536,0.881254,0.000524
11,5prime,A>C,A,C,58,33561,0.00172820,0.00344706,115.686808,0.971820,0.000563
11,5prime,A>G,A,G,198,33561,0.00589971,0.01000782,335.872366,1.142701,0.001923
11,5prime,A>T,A,T,77,33561,0.00229433,0.00559503,187.774798,0.794868,0.000748
11,5prime,C>A,C,A,66,17790,0.00370995,0.00703503,125.153155,1.022219,0.000641
11,5prime,C>G,C,G,31,17790,0.00174255,0.00409661,72.878632,0.824524,0.000301
11,5prime,C>T,C,T,333,17790,0.01871838,0.01817697,323.368361,1.996128,0.003233
11,5prime,G>A,G,A,214,17478,0.01224396,0.01819759,318.057551,1.304217,0.002078
11,5prime,G>C,G,C,28,17478,0.00160201,0.00408630,71.420289,0.759938,0.000272
11,5prime,G>T,G,T,84,17478,0.00480604,0.00703503,122.958226,1.324230,0.000816
11,5prime,T>A,T,A,95,34159,0.00278111,0.00562252,192.059794,0.958802,0.000922
11,5prime,T>C,T,C,187,34159,0.00547440,0.00999407,341.387457,1.061783,0.001816
11,5prime,T>G,T,G,53,34159,0.00155157,0.00343675,117.395962,0.875114,0.000515
12,5prime,A>C,A,C,57,33845,0.00168415,0.00344706,116.665773,0.947050,0.000554
12,5prime,A>G,A,G,206,33845,0.00608657,0.01000782,338.714587,1.178895,0.002001
12,5prime,A>T,A,T,85,33845,0.00251145,0.00559503,189.363787,0.870089,0.000825
12,5prime,C>A,C,A,80,17823,0.00448858,0.00703503,125.385311,1.236759,0.000777
12,5prime,C>G,C,G,45,17823,0.00252483,0.00409661,73.013820,1.194673,0.000437
12,5prime,C>T,C,T,346,17823,0.01941312,0.01817697,323.968201,2.070215,0.003360
12,5prime,G>A,G,A,220,17699,0.01243008,0.01819759,322.079219,1.324042,0.002137
12,5prime,G>C,G,C,41,17699,0.00231652,0.00408630,72.323360,1.098872,0.000398
12,5prime,G>T,G,T,83,17699,0.00468953,0.00703503,124.512967,1.292127,0.000806
12,5prime,T>A,T,A,62,33604,0.00184502,0.00562252,188.939293,0.636079,0.000602
12,5prime,T>C,T,C,203,33604,0.00604095,0.00999407,335.840748,1.171667,0.001971
12,5prime,T>G,T,G,53,33604,0.00157719,0.00343675,115.488565,0.889567,0.000515
13,5prime,A>C,A,C,55,33701,0.00163200,0.00344706,116.169396,0.917725,0.000534
13,5prime,A>G,A,G,187,33701,0.00554880,0.01000782,337.273461,1.074734,0.001816
13,5prime,A>T,A,T,70,33701,0.00207709,0.00559503,188.558102,0.719606,0.000680
13,5prime,C>A,C,A,78,17623,0.00442603,0.00703503,123.978305,1.219525,0.000758
13,5prime,C>G,C,G,45,17623,0.00255348,0.00409661,72.194499,1.208231,0.000437
13,5prime,C>T,C,T,342,17623,0.01940646,0.01817697,320.332807,2.069504,0.003322
13,5prime,G>A,G,A,220,17512,0.01256281,0.01819759,318.676269,1.338180,0.002137
13,5prime,G>C,G,C,31,17512,0.00177021,0.00408630,71.559223,0.839726,0.000301
13,5prime,G>T,G,T,79,17512,0.00451119,0.00703503,123.197417,1.242989,0.000767
13,5prime,T>A,T,A,75,34128,0.00219761,0.00562252,191.885496,0.757636,0.000728
13,5prime,T>C,T,C,220,34128,0.00644632,0.00999407,341.077641,1.250291,0.002137
13,5prime,T>G,T,G,61,34128,0.00178739,0.00343675,117.289423,1.008121,0.000592
14,5prime,A>C,A,C,58,33770,0.00171750,0.00344706,116.407243,0.965805,0.000563
14,5prime,A>G,A,G,205,33770,0.00607048,0.01000782,337.964000,1.175777,0.001991
14,5prime,A>T,A,T,96,33770,0.00284276,0.00559503,188.944159,0.984871,0.000932
14,5prime,C>A,C,A,70,17816,0.00392905,0.00703503,125.336065,1.082589,0.000680
14,5prime,C>G,C,G,43,17816,0.00241356,0.00409661,72.985144,1.142025,0.000418
14,5prime,C>T,C,T,384,17816,0.02155366,0.01817697,323.840963,2.298482,0.003729
14,5prime,G>A,G,A,263,17619,0.01492707,0.01819759,320.623411,1.590019,0.002554
14,5prime,G>C,G,C,35,17619,0.00198649,0.00408630,71.996456,0.942320,0.000340
14,5prime,G>T,G,T,80,17619,0.00454055,0.00703503,123.950165,1.251078,0.000777
14,5prime,T>A,T,A,69,33765,0.00204354,0.00562252,189.844519,0.704519,0.000670
14,5prime,T>C,T,C,180,33765,0.00533096,0.00999407,337.449794,1.033963,0.001748
14,5prime,T>G,T,G,47,33765,0.00139197,0.00343675,116.041882,0.785100,0.000456
15,5prime,A>C,A,C,58,34084,0.00170168,0.00344706,117.489620,0.956908,0.000563
15,5prime,A>G,A,G,181,34084,0.00531041,0.01000782,341.106455,1.028562,0.001758
15,5prime,A>T,A,T,96,34084,0.00281657,0.00559503,190.700999,0.975798,0.000932
15,5prime,C>A,C,A,99,17792,0.00556430,0.00703503,125.167225,1.533156,0.000961
15,5prime,C>G,C,G,36,17792,0.00202338,0.00409661,72.886826,0.957404,0.000350
15,5prime,C>T,C,T,363,17792,0.02040243,0.01817697,323.404715,2.175715,0.003525
15,5prime,G>A,G,A,197,17413,0.01131339,0.01819759,316.874707,1.205092,0.001913
15,5prime,G>C,G,C,36,17413,0.00206742,0.00408630,71.154679,0.980710,0.000350
15,5prime,G>T,G,T,84,17413,0.00482398,0.00703503,122.500949,1.329173,0.000816
15,5prime,T>A,T,A,65,33695,0.00192907,0.00562252,189.450943,0.665056,0.000631
15,5prime,T>C,T,C,181,33695,0.00537172,0.00999407,336.750209,1.041867,0.001758
15,5prime,T>G,T,G,46,33695,0.00136519,0.00343675,115.801310,0.769992,0.000447
-15,3prime,A>C,A,C,48,33930,0.00141468,0.00344706,116.958773,0.795518,0.000466
-15,3prime,A>G,A,G,168,33930,0.00495137,0.01000782,339.565251,0.959020,0.001631
-15,3prime,A>T,A,T,67,33930,0.00197465,0.00559503,189.839364,0.684117,0.000651
-15,3prime,C>A,C,A,89,17506,0.00508397,0.00703503,123.155207,1.400809,0.000864
-15,3prime,C>G,C,G,26,17506,0.00148521,0.00409661,71.715196,0.702755,0.000252
-15,3prime,C>T,C,T,203,17506,0.01159602,0.01817697,318.206101,1.236600,0.001971
-15,3prime,G>A,G,A,380,17845,0.02129448,0.01819759,324.736068,2.268270,0.003690
-15,3prime,G>C,G,C,37,17845,0.00207341,0.00408630,72.919959,0.983551,0.000359
-15,3prime,G>T,G,T,63,17845,0.00353040,0.00703503,125.540081,0.972747,0.000612
-15,3prime,T>A,T,A,78,33698,0.00231468,0.00562252,189.467810,0.797996,0.000757
-15,3prime,T>C,T,C,189,33698,0.00560864,0.00999407,336.780191,1.087820,0.001835
-15,3prime,T>G,T,G,68,33698,0.00201792,0.00343675,115.811620,1.138147,0.000660
-14,3prime,A>C,A,C,69,34151,0.00202044,0.00344706,117.720573,1.136157,0.000670
-14,3prime,A>G,A,G,178,34151,0.00521215,0.01000782,341.776979,1.009529,0.001728
-14,3prime,A>T,A,T,81,34151,0.00237182,0.00559503,191.075866,0.821714,0.000787
-14,3prime,C>A,C,A,93,17578,0.00529070,0.00703503,123.661729,1.457771,0.000903
-14,3prime,C>G,C,G,37,17578,0.00210490,0.00409661,72.010152,0.995978,0.000359
-14,3prime,C>T,C,T,236,17578,0.01342587,0.01817697,319.514843,1.431735,0.002292
-14,3prime,G>A,G,A,389,17697,0.02198113,0.01819759,322.042824,2.341411,0.003777
-14,3prime,G>C,G,C,34,17697,0.00192123,0.00408630,72.315187,0.911362,0.000330
-14,3prime,G>T,G,T,85,17697,0.00480307,0.00703503,124.498897,1.323412,0.000825
-14,3prime,T>A,T,A,85,33558,0.00253293,0.00562252,188.680657,0.873239,0.000825
-14,3prime,T>C,T,C,200,33558,0.00595983,0.00999407,335.381021,1.155934,0.001942
-14,3prime,T>G,T,G,54,33558,0.00160915,0.00343675,115.330475,0.907593,0.000524
-13,3prime,A>C,A,C,56,34062,0.00164406,0.00344706,117.413785,0.924508,0.000544
-13,3prime,A>G,A,G,222,34062,0.00651753,0.01000782,340.886283,1.262366,0.002156
-13,3prime,A>T,A,T,76,34062,0.00223123,0.00559503,190.577908,0.773006,0.000738
-13,3prime,C>A,C,A,61,17616,0.00346276,0.00703503,123.929060,0.954110,0.000592
-13,3prime,C>G,C,G,33,17616,0.00187330,0.00409661,72.165823,0.886388,0.000320
-13,3prime,C>T,C,T,225,17616,0.01277248,0.01817697,320.205568,1.362057,0.002185
-13,3prime,G>A,G,A,385,17703,0.02174773,0.01819759,322.152009,2.316549,0.003739
-13,3prime,G>C,G,C,36,17703,0.00203355,0.00408630,72.339705,0.964645,0.000350
-13,3prime,G>T,G,T,81,17703,0.00457550,0.00703503,124.541107,1.260706,0.000787
-13,3prime,T>A,T,A,81,33585,0.00241179,0.00562252,188.832465,0.831477,0.000787
-13,3prime,T>C,T,C,194,33585,0.00577639,0.00999407,335.650861,1.120355,0.001884
-13,3prime,T>G,T,G,58,33585,0.00172696,0.00343675,115.423267,0.974039,0.000563
-12,3prime,A>C,A,C,65,34108,0.00190571,0.00344706,117.572350,1.071642,0.000631
-12,3prime,A>G,A,G,193,34108,0.00565850,0.01000782,341.346643,1.095982,0.001874
-12,3prime,A>T,A,T,92,34108,0.00269731,0.00559503,190.835280,0.934482,0.000893
-12,3prime,C>A,C,A,79,17629,0.00448125,0.00703503,124.020515,1.234739,0.000767
-12,3prime,C>G,C,G,37,17629,0.00209881,0.00409661,72.219079,0.993097,0.000359
-12,3prime,C>T,C,T,237,17629,0.01344376,0.01817697,320.441869,1.433642,0.002302
-12,3prime,G>A,G,A,344,17573,0.01957549,0.01819759,319.786322,2.085164,0.003341
-12,3prime,G>C,G,C,38,17573,0.00216241,0.00408630,71.808487,1.025769,0.000369
-12,3prime,G>T,G,T,81,17573,0.00460934,0.00703503,123.626554,1.270033,0.000787
-12,3prime,T>A,T,A,93,33656,0.00276325,0.00562252,189.231664,0.952644,0.000903
-12,3prime,T>C,T,C,216,33656,0.00641787,0.00999407,336.360440,1.244774,0.002098
-12,3prime,T>G,T,G,43,33656,0.00127763,0.00343675,115.667276,0.720609,0.000418
-11,3prime,A>C,A,C,57,34360,0.00165891,0.00344706,118.441009,0.932856,0.000554
-11,3prime,A>G,A,G,211,34360,0.00614086,0.01000782,343.868613,1.189410,0.002049
-11,3prime,A>T,A,T,87,34360,0.00253201,0.00559503,192.245227,0.877214,0.000845
-11,3prime,C>A,C,A,95,17510,0.00542547,0.00703503,123.183347,1.494904,0.000923
-11,3prime,C>G,C,G,42,17510,0.00239863,0.00409661,71.731583,1.134960,0.000408
-11,3prime,C>T,C,T,231,17510,0.01319246,0.01817697,318.278809,1.406844,0.002244
-11,3prime,G>A,G,A,390,17823,0.02188184,0.01819759,324.335721,2.330835,0.003788
-11,3prime,G>C,G,C,32,17823,0.00179543,0.00408630,72.830061,0.851689,0.000311
-11,3prime,G>T,G,T,82,17823,0.00460080,0.00703503,125.385311,1.267678,0.000796
-11,3prime,T>A,T,A,75,33265,0.00225462,0.00562252,187.033257,0.777292,0.000728
-11,3prime,T>C,T,C,215,33265,0.00646325,0.00999407,332.452758,1.253575,0.002088
-11,3prime,T>G,T,G,45,33265,0.00135277,0.00343675,114.323507,0.762990,0.000437
-10,3prime,A>C,A,C,60,34669,0.00173065,0.00344706,119.506151,0.973201,0.000583
-10,3prime,A>G,A,G,230,34669,0.00663417,0.01000782,346.961028,1.284958,0.002234
-10,3prime,A>T,A,T,92,34669,0.00265367,0.00559503,193.974091,0.919360,0.000894
-10,3prime,C>A,C,A,85,17506,0.00485548,0.00703503,123.155207,1.337851,0.000826
-10,3prime,C>G,C,G,32,17506,0.00182794,0.00409661,71.715196,0.864929,0.000311
-10,3prime,C>T,C,T,226,17506,0.01290986,0.01817697,318.206101,1.376707,0.002195
-10,3prime,G>A,G,A,369,17912,0.02060071,0.01819759,325.955307,2.194371,0.003584
-10,3prime,G>C,G,C,45,17912,0.00251228,0.00408630,73.193741,1.191737,0.000437
-10,3prime,G>T,G,T,94,17912,0.00524788,0.00703503,126.011428,1.445971,0.000913
-10,3prime,T>A,T,A,92,32871,0.00279882,0.00562252,184.817983,0.964907,0.000894
-10,3prime,T>C,T,C,224,32871,0.00681452,0.00999407,328.515095,1.321704,0.002176
-10,3prime,T>G,T,G,63,32871,0.00191658,0.00343675,112.969427,1.080989,0.000612
-9,3prime,A>C,A,C,73,35245,0.00207122,0.00344706,121.491658,1.164711,0.000709
-9,3prime,A>G,A,G,203,35245,0.00575968,0.01000782,352.725531,1.115580,0.001972
-9,3prime,A>T,A,T,93,35245,0.00263867,0.00559503,197.196829,0.914165,0.000903
-9,3prime,C>A,C,A,114,17400,0.00655172,0.00703503,122.409494,1.805225,0.001107
-9,3prime,C>G,C,G,38,17400,0.00218391,0.00409661,71.280956,1.033360,0.000369
-9,3prime,C>T,C,T,214,17400,0.01229885,0.01817697,316.279342,1.311549,0.002079
-9,3prime,G>A,G,A,342,17570,0.01946500,0.01819759,319.731729,2.073395,0.003322
-9,3prime,G>C,G,C,46,17570,0.00261810,0.00408630,71.796228,1.241932,0.000447
-9,3prime,G>T,G,T,90,17570,0.00512237,0.00703503,123.605449,1.411388,0.000874
-9,3prime,T>A,T,A,117,32733,0.00357437,0.00562252,184.042075,1.232283,0.001136
-9,3prime,T>C,T,C,193,32733,0.00589619,0.00999407,327.135913,1.143591,0.001875
-9,3prime,T>G,T,G,51,32733,0.00155806,0.00343675,112.495156,0.878776,0.000495
-8,3prime,A>C,A,C,64,35148,0.00182087,0.00344706,121.157293,1.023934,0.000622
-8,3prime,A>G,A,G,231,35148,0.00657221,0.01000782,351.754773,1.272957,0.002244
-8,3prime,A>T,A,T,99,35148,0.00281666,0.00559503,196.654111,0.975829,0.000962
-8,3prime,C>A,C,A,100,16638,0.00601034,0.00703503,117.048802,1.656055,0.000971
-8,3prime,C>G,C,G,43,16638,0.00258445,0.00409661,68.159342,1.222883,0.000418
-8,3prime,C>T,C,T,251,16638,0.01508595,0.01817697,302.428488,1.608765,0.002438
-8,3prime,G>A,G,A,403,17585,0.02291726,0.01819759,320.004693,2.441127,0.003914
-8,3prime,G>C,G,C,35,17585,0.00199033,0.00408630,71.857522,0.944142,0.000340
-8,3prime,G>T,G,T,83,17585,0.00471993,0.00703503,123.710974,1.300504,0.000806
-8,3prime,T>A,T,A,88,33591,0.00261975,0.00562252,188.866200,0.903171,0.000855
-8,3prime,T>C,T,C,225,33591,0.00669822,0.00999407,335.710825,1.299149,0.002185
-8,3prime,T>G,T,G,74,33591,0.00220297,0.00343675,115.443888,1.242517,0.000719
-7,3prime,A>C,A,C,62,34716,0.00178592,0.00344706,119.668163,1.004280,0.000602
-7,3prime,A>G,A,G,216,34716,0.00622191,0.01000782,347.431396,1.205109,0.002098
-7,3prime,A>T,A,T,97,34716,0.00279410,0.00559503,194.237058,0.968013,0.000942
-7,3prime,C>A,C,A,88,17121,0.00513989,0.00703503,120.446721,1.416216,0.000855
-7,3prime,C>G,C,G,39,17121,0.00227790,0.00409661,70.138003,1.077837,0.000379
-7,3prime,C>T,C,T,253,17121,0.01477717,0.01817697,311.207966,1.575838,0.002458
-7,3prime,G>A,G,A,417,17293,0.02411380,0.01819759,314.690996,2.568582,0.004051
-7,3prime,G>C,G,C,63,17293,0.00364309,0.00408630,70.664324,1.728152,0.000612
-7,3prime,G>T,G,T,71,17293,0.00410571,0.00703503,121.656746,1.131264,0.000690
-7,3prime,T>A,T,A,93,33815,0.00275026,0.00562252,190.125646,0.948165,0.000903
-7,3prime,T>C,T,C,215,33815,0.00635813,0.00999407,337.949497,1.233185,0.002088
-7,3prime,T>G,T,G,54,33815,0.00159692,0.00343675,116.213720,0.900696,0.000525
-6,3prime,A>C,A,C,64,34898,0.00183392,0.00344706,120.295528,1.031269,0.000622
-6,3prime,A>G,A,G,215,34898,0.00616081,0.01000782,349.252819,1.193274,0.002088
-6,3prime,A>T,A,T,106,34898,0.00303742,0.00559503,195.255353,1.052312,0.001030
-6,3prime,C>A,C,A,90,17018,0.00528852,0.00703503,119.722113,1.457169,0.000874
-6,3prime,C>G,C,G,44,17018,0.00258550,0.00409661,69.716052,1.223381,0.000427
-6,3prime,C>T,C,T,248,17018,0.01457281,0.01817697,309.335738,1.554044,0.002409
-6,3prime,G>A,G,A,431,17075,0.02524158,0.01819759,310.723920,2.688712,0.004186
-6,3prime,G>C,G,C,43,17075,0.00251830,0.00408630,69.773511,1.194592,0.000418
-6,3prime,G>T,G,T,97,17075,0.00568082,0.00703503,120.123109,1.565261,0.000942
-6,3prime,T>A,T,A,115,33962,0.00338614,0.00562252,190.952157,1.167387,0.001117
-6,3prime,T>C,T,C,223,33962,0.00656616,0.00999407,339.418626,1.273535,0.002166
-6,3prime,T>G,T,G,63,33962,0.00185501,0.00343675,116.718922,1.046263,0.000612
-5,3prime,A>C,A,C,69,34288,0.00201237,0.00344706,118.192821,1.131618,0.000670
-5,3prime,A>G,A,G,212,34288,0.00618292,0.01000782,343.148050,1.197556,0.002059
-5,3prime,A>T,A,T,112,34288,0.00326645,0.00559503,191.842385,1.131658,0.001088
-5,3prime,C>A,C,A,85,16408,0.00518040,0.00703503,115.430746,1.427378,0.000826
-5,3prime,C>G,C,G,53,16408,0.00323013,0.00409661,67.217122,1.528402,0.000515
-5,3prime,C>T,C,T,273,16408,0.01663823,0.01817697,298.247784,1.774300,0.002652
-5,3prime,G>A,G,A,514,17007,0.03022285,0.01819759,309.486484,3.219312,0.004993
-5,3prime,G>C,G,C,40,17007,0.00235197,0.00408630,69.495643,1.115691,0.000389
-5,3prime,G>T,G,T,111,17007,0.00652672,0.00703503,119.644728,1.798337,0.001078
-5,3prime,T>A,T,A,97,35247,0.00275201,0.00562252,198.177100,0.948768,0.000942
-5,3prime,T>C,T,C,226,35247,0.00641189,0.00999407,352.261006,1.243614,0.002195
-5,3prime,T>G,T,G,59,35247,0.00167390,0.00343675,121.135147,0.944112,0.000573
-4,3prime,A>C,A,C,71,32264,0.00220060,0.00344706,111.215970,1.237465,0.000689
-4,3prime,A>G,A,G,241,32264,0.00746963,0.01000782,322.892227,1.446775,0.002339
-4,3prime,A>T,A,T,108,32264,0.00334738,0.00559503,180.518044,1.159698,0.001048
-4,3prime,C>A,C,A,95,17714,0.00536299,0.00703503,124.618493,1.477688,0.000922
-4,3prime,C>G,C,G,59,17714,0.00333070,0.00409661,72.567290,1.575988,0.000573
-4,3prime,C>T,C,T,315,17714,0.01778254,0.01817697,321.986911,1.896330,0.003058
-4,3prime,G>A,G,A,739,17742,0.04165258,0.01819759,322.861716,4.436797,0.007173
-4,3prime,G>C,G,C,40,17742,0.00225454,0.00408630,72.499071,1.069472,0.000388
-4,3prime,G>T,G,T,134,17742,0.00755270,0.00703503,124.815473,2.081029,0.001301
-4,3prime,T>A,T,A,117,35302,0.00331426,0.00562252,198.486339,1.142607,0.001136
-4,3prime,T>C,T,C,257,35302,0.00728004,0.00999407,352.810680,1.411995,0.002495
-4,3prime,T>G,T,G,79,35302,0.00223783,0.00343675,121.324168,1.262180,0.000767
-3,3prime,A>C,A,C,89,33806,0.00263267,0.00344706,116.531337,1.480434,0.000864
-3,3prime,A>G,A,G,267,33806,0.00789801,0.01000782,338.324282,1.529748,0.002592
-3,3prime,A>T,A,T,148,33806,0.00437792,0.00559503,189.145581,1.516726,0.001437
-3,3prime,C>A,C,A,122,17113,0.00712908,0.00703503,120.390441,1.964308,0.001184
-3,3prime,C>G,C,G,52,17113,0.00303863,0.00409661,70.105230,1.437787,0.000505
-3,3prime,C>T,C,T,395,17113,0.02308187,0.01817697,311.062550,2.461450,0.003835
-3,3prime,G>A,G,A,1193,17938,0.06650686,0.01819759,326.428444,7.084254,0.011581
-3,3prime,G>C,G,C,44,17938,0.00245289,0.00408630,73.299985,1.163565,0.000427
-3,3prime,G>T,G,T,135,17938,0.00752592,0.00703503,126.194339,2.073651,0.001311
-3,3prime,T>A,T,A,153,34154,0.00447971,0.00562252,192.031681,1.544402,0.001485
-3,3prime,T>C,T,C,289,34154,0.00846167,0.00999407,341.337487,1.641177,0.002806
-3,3prime,T>G,T,G,88,34154,0.00257656,0.00343675,117.378778,1.453231,0.000854
-2,3prime,A>C,A,C,88,39924,0.00220419,0.00344706,137.620455,1.239485,0.000854
-2,3prime,A>G,A,G,243,39924,0.00608656,0.01000782,399.552110,1.178893,0.002358
-2,3prime,A>T,A,T,161,39924,0.00403266,0.00559503,223.375973,1.397112,0.001562
-2,3prime,C>A,C,A,164,16351,0.01002997,0.00703503,115.029749,2.763601,0.001592
-2,3prime,C>G,C,G,45,16351,0.00275213,0.00409661,66.983615,1.302224,0.000437
-2,3prime,C>T,C,T,505,16351,0.03088496,0.01817697,297.211696,3.293572,0.004901
-2,3prime,G>A,G,A,2981,17168,0.17363700,0.01819759,312.416296,18.495666,0.028930
-2,3prime,G>C,G,C,59,17168,0.00343663,0.00408630,70.153537,1.630212,0.000573
-2,3prime,G>T,G,T,111,17168,0.00646552,0.00703503,120.777367,1.781472,0.001077
-2,3prime,T>A,T,A,203,29599,0.00685834,0.00562252,166.421085,2.364446,0.001970
-2,3prime,T>C,T,C,267,29599,0.00902058,0.00999407,295.814496,1.749579,0.002591
-2,3prime,T>G,T,G,107,29599,0.00361499,0.00343675,101.724379,2.038921,0.001038
-1,3prime,A>C,A,C,124,43158,0.00287316,0.00344706,148.768250,1.615672,0.001203
-1,3prime,A>G,A,G,257,43158,0.00595486,0.01000782,431.917392,1.153384,0.002494
-1,3prime,A>T,A,T,130,43158,0.00301219,0.00559503,241.470300,1.043569,0.001261
-1,3prime,C>A,C,A,279,15380,0.01814044,0.00703503,108.198736,4.998316,0.002707
-1,3prime,C>G,C,G,47,15380,0.00305592,0.00409661,63.005810,1.445969,0.000456
-1,3prime,C>T,C,T,425,15380,0.02763329,0.01817697,279.561855,2.946814,0.004124
-1,3prime,G>A,G,A,8801,23450,0.37530917,0.01819759,426.733583,39.977615,0.085393
-1,3prime,G>C,G,C,49,23450,0.00208955,0.00408630,95.823651,0.991209,0.000475
-1,3prime,G>T,G,T,84,23450,0.00358209,0.00703503,164.971415,0.986989,0.000815
-1,3prime,T>A,T,A,368,21077,0.01745979,0.00562252,118.505936,6.019347,0.003571
-1,3prime,T>C,T,C,253,21077,0.01200361,0.00999407,210.645026,2.328150,0.002455
-1,3prime,T>G,T,G,126,21077,0.00597808,0.00343675,72.436391,3.371750,0.001223
