"analysis_type","pair","chi_squared","p_value","ancient_ratio","modern_ratio","ratio_difference","percent_difference","ancient_deviation_from_symmetry","modern_deviation_from_symmetry","cramer_v"
"Complementary","AC_CA",119.258190123756,9.19476709958144e-28,0.503566550311125,0.891803278688525,-0.3882367283774,-43.5338978511423,0.496433449688875,0.108196721311475,0.10122899627002
"Complementary","AG_GA",1785.50427480099,0,0.183180778032037,0.771744860305746,-0.588564082273709,-76.2640754148379,0.816819221967963,0.228255139694254,0.165222173941582
"Complementary","AT_TA",1.56055167174099,0.211584463204623,0.992069914225603,1.07321428571429,-0.0811443714886828,-7.56087321691554,0.00793008577439713,0.0732142857142857,0.0107635437092286
"Complementary","CG_GC",5.86309882154672,0.0154615493614308,1.01069270106927,0.87882096069869,0.13187174037058,15.0055297117331,0.0106927010692701,0.12117903930131,0.0311407835353781
"Complementary","CT_TC",2097.6644685984,0,5.80704298291041,1.25099866844208,4.55604431446833,364.192579049039,4.80704298291041,0.250998668442077,0.174228645361443
"Complementary","GT_TG",121.814797417137,2.53424171786222e-28,1.98315602836879,1.10089399744572,0.882262030923073,80.1405069852397,0.983156028368794,0.100893997445721,0.10186288568544
"Watson-Crick","AC_TG",1.13963808081011,0.285728815845624,0.980496453900709,1.04214559386973,-0.0616491399690224,-5.91559762202752,0.0195035460992907,0.0421455938697317,0.0117170496284241
"Watson-Crick","AG_TC",0.250832414489437,0.616489557808289,0.994924909373382,0.974700399467377,0.0202245099060048,2.07494630319803,0.00507509062661837,0.0252996005326231,0.00335932022440033
"Watson-Crick","AT_TA",1.56055167174099,0.211584463204623,0.992069914225603,1.07321428571429,-0.0811443714886828,-7.56087321691554,0.00793008577439713,0.0732142857142857,0.0107635437092286
"Watson-Crick","CG_GC",5.86309882154672,0.0154615493614308,1.01069270106927,0.87882096069869,0.13187174037058,15.0055297117331,0.0106927010692701,0.12117903930131,0.0311407835353781
"Watson-Crick","CT_GA",5.25225331715211,0.0219183696842394,1.0691647597254,0.990511333684765,0.078653426040635,7.9406891537565,0.0691647597254004,0.0094886663152346,0.00683936573380384
"Watson-Crick","GT_CA",2.30676210908946,0.128812127333529,1.01851570799818,0.94207650273224,0.0764392052659384,8.11390635943546,0.0185157079981788,0.0579234972677596,0.0123692662287557
