position,ref_A,ref_C,ref_G,ref_T,ref_total,obs_A,obs_C,obs_G,obs_T,obs_total
1,0.19338281666909232,0.2258574685877844,0.13754426818027457,0.44321544656284867,103065,0.19282006500751953,0.132101101246786,0.13367292485324794,0.5414059088924466,103065
2,0.2829705257232698,0.16080319102475762,0.15279651394132318,0.4034297693106494,103039,0.28489212822329407,0.12926173584759168,0.14943856209784645,0.43640757383126777,103039
3,0.3251669513899674,0.1700574623388725,0.16132163379406741,0.3434539524770927,103024,0.3267199875757105,0.15781759589998448,0.15943857741885387,0.35602383910545116,103024
4,0.34298916631072107,0.16475750398011882,0.16795130664388616,0.32430202306527395,103012,0.3440278802469615,0.15827282258377665,0.16692230031452646,0.3307769968547354,103012
5,0.3408395426328725,0.16387693443562568,0.16538270981279812,0.3299008131187037,102937,0.34150985554271057,0.15996191845497731,0.16458610606487464,0.33394211993743744,102937
6,0.331769163509181,0.1657728553385796,0.16421840085494996,0.3382395802972894,102930,0.33221606917322455,0.1625376469445254,0.16371320314777033,0.34153308073447974,102930
7,0.33086578067925704,0.16747299292764437,0.1657243335664879,0.3359368928266107,102936,0.33176925468252116,0.16513173233854045,0.16525802440351287,0.3378409885754255,102936
8,0.3220230349408589,0.17121797735350672,0.1640025637539573,0.3427564239516771,102974,0.322528016780935,0.16950880804863364,0.1632742245615398,0.34468895060889154,102974
9,0.3183681000660374,0.1712018801227518,0.16821077574486268,0.3422192440663481,102972,0.31894107135920446,0.16952181175465175,0.16762809307384532,0.3439090238122985,102972
10,0.3203565775546471,0.17358878994746502,0.17044251740646152,0.3356121150914264,102979,0.32057992406218744,0.17181172860486119,0.16982103147243613,0.33778731586051525,102979
11,0.3258729172330757,0.17273857148405639,0.1697090923214355,0.3316794189614324,102988,0.3262807317357362,0.17121412203363498,0.16928185808055307,0.33322328815007574,102988
12,0.32868477532509155,0.17308756834448535,0.17188334579638928,0.32634431053403384,102971,0.32882073593536043,0.17143661807693428,0.17149488690990666,0.32824775907779863,102971
13,0.327308573870479,0.17115690921098636,0.1700788625150538,0.33145565440348085,102964,0.32790101394662213,0.16961268016005593,0.1697195136164096,0.3327667922769123,102964
14,0.3279595998834612,0.17302126833058173,0.17110808973487424,0.32791104205108285,102970,0.3283771972419151,0.17084587744003107,0.17030202971739342,0.3304748956006604,102970
15,0.33096403324788315,0.1727647013128253,0.16908451798337606,0.32718674745591547,102984,0.33121649965043115,0.17059931639866388,0.16856016468577642,0.3296240192651286,102984
-15,0.3294846522106449,0.16999582439138078,0.17328775769817148,0.3272317656998029,102979,0.3320482816884996,0.16956855281173833,0.1711708212353975,0.3272123442643646,102979
-14,0.33161461974675677,0.1706867086149305,0.17184222791890003,0.32585644371941275,102984,0.33393536860094775,0.17007496310106424,0.16952147906470907,0.32646818923327897,102984
-13,0.33080822795874365,0.17108560107219858,0.17193054017831128,0.32617563079074646,102966,0.33248839422722065,0.17076510692850067,0.17009498280985957,0.3266515160344191,102966
-12,0.33125497737117104,0.1712118563409281,0.17066798749101644,0.3268651787968844,102966,0.3328671600334091,0.17088165025348173,0.1688227181788163,0.3274284715342929,102966
-11,0.3337283164008625,0.17006934866644652,0.17310942325997009,0.3230929116727209,102958,0.3357194195691447,0.16944773597000717,0.171108607393306,0.3237242370675421,102958
-10,0.3367295402008586,0.17003049787291905,0.17397385341595603,0.3192661085102663,102958,0.33832242273548435,0.16989452009557296,0.17219642961207482,0.31958662755686784,102958
-9,0.342357306601391,0.1690173679916074,0.1706686871041691,0.3179566383028325,102948,0.344338889536465,0.16849283133232312,0.16886194972218985,0.31830632940902204,102948
-8,0.3413686602824343,0.16159359763796352,0.17079116567277247,0.3262465764068297,102962,0.3432819875293798,0.16091373516442958,0.16911093413103864,0.326693343175152,102962
-7,0.33722861722278885,0.16631210840740202,0.167982903492156,0.32847637087765313,102945,0.3393948224780222,0.16592355141094758,0.16563213366360677,0.3290494924474234,102945
-6,0.3389702097073422,0.16529872854603556,0.1658523792410129,0.32987868250560937,102953,0.34140821539925986,0.16479364370149485,0.16343379988926987,0.3303643410099754,102953
-5,0.33305488101019914,0.15937833899951434,0.16519669742593493,0.34237008256435164,102950,0.3359980573093735,0.1586401165614376,0.16188440990772218,0.3434774162214667,102950
-4,0.3131758265224903,0.17194385665197726,0.17221564326066277,0.3426646735648696,103022,0.31833006542291936,0.17096348352779017,0.16703228436644602,0.34367416668284445,103022
-3,0.3281785440389861,0.16612788925454564,0.17413674267796644,0.3315568240285018,103011,0.33753676791798937,0.16470085719000882,0.16476881109784391,0.3329935637941579,103011
-2,0.3874536596727548,0.15868286718037306,0.1666116729100755,0.28725180023679664,103042,0.4151705129947012,0.1557714330078997,0.13986529764562022,0.2891927563517789,103042
-1,0.41874545189928686,0.1492262164653374,0.22752631834279338,0.20450201329258236,103065,0.5054577208557707,0.14607286663755883,0.14501528161839616,0.20345413088827438,103065
